{
  "step_qonnx_to_finn": 0.00013566017150878906,
  "step_tidy_up": 0.1576547622680664,
  "step_streamline": 7.716314792633057,
  "step_convert_to_hw": 0.14246821403503418,
  "step_convert_non_dataflow_nodes": 0.010207891464233398,
  "step_target_fps_parallelization": 5.0067901611328125e-06,
  "step_apply_folding_config": 9.059906005859375e-06,
  "step_minimize_bit_width": 0.04583740234375,
  "step_hw_codegen": 0.007811307907104492,
  "step_hw_ipgen": 0.018933534622192383,
  "step_set_fifo_depths_custom": 1.049041748046875e-05,
  "step_make_pynq_driver": 5.4836273193359375e-06
}